[{"@type":"mappingTemplate","id":"@1","name":"Mapping_RESTV2","description":"","autoExpireObject":false,"bundleVersion":"0","assetFrsGuid":"6y16fYy6KHCi8djzkYexKu","templateId":"@3","hasParameters":false,"valid":true,"fixedConnection":true,"hasParametersDeployed":false,"fixedConnectionDeployed":false,"isSchemaValidationEnabled":false,"tasks":0,"mappingPreviewFileRecordId":"@2","documentType":"MAPPING","allowMaxFieldLength":false,"references":[{"@type":"reference","refObjectId":"@aYoqNEwldM0bXGPQSOymmZ","refType":"connection"},{"@type":"reference","refObjectId":"@1IwEBxyP01hlUm5gFtWsw4","refType":"connection"}]}]